{
    "佑氏咖啡 Coffee Again Roastery": {
        "possitive": 0.5769230769230769,
        "negative": 0.4230769230769231
    },
    "南屯蕭爌肉飯-大里店": {
        "possitive": 0.5,
        "negative": 0.5
    },
    "珍餚快餐店": {
        "possitive": 0.6,
        "negative": 0.4
    },
    "信兵衛南門町目三代店": {
        "possitive": 0.5,
        "negative": 0.5
    },
    "亞丁尼義式麵屋 工學店": {
        "possitive": 0.45454545454545453,
        "negative": 0.5454545454545454
    },
    "出一張嘴日式燒肉(台中店)": {
        "possitive": 0.46153846153846156,
        "negative": 0.5384615384615384
    },
    "赤鬼炙燒牛排 大里店": {
        "possitive": 0.2,
        "negative": 0.8
    },
    "麵屋六花": {
        "possitive": 0.25,
        "negative": 0.75
    },
    "達美樂披薩 興大國光店": {
        "possitive": 0.7272727272727273,
        "negative": 0.2727272727272727
    },
    "吉蜂蒸餃": {
        "possitive": 0.25,
        "negative": 0.75
    },
    "赤丼日式丼飯": {
        "possitive": 0.3333333333333333,
        "negative": 0.6666666666666666
    },
    "陳記早點": {
        "possitive": 0.75,
        "negative": 0.25
    },
    "港町十三番地（雙十店）": {
        "possitive": 0.5454545454545454,
        "negative": 0.45454545454545453
    },
    "9號貓巷貓咪寵物主題餐廳": {
        "possitive": 0.25,
        "negative": 0.75
    },
    "赤丼日式丼飯【大里美食｜附近美食｜外帶美食｜鰻魚飯｜午餐｜晚餐": {
        "possitive": 0.4838709677419355,
        "negative": 0.5161290322580645
    },
    "SUBWAY中興大學店": {
        "possitive": 0.45454545454545453,
        "negative": 0.5454545454545454
    },
    "徐大姊炸香香": {
        "possitive": 0.8333333333333334,
        "negative": 0.16666666666666666
    },
    "大呼過癮 忠孝店": {
        "possitive": 0.75,
        "negative": 0.25
    },
    "藍象廷泰鍋 台中中友店": {
        "possitive": 0.7272727272727273,
        "negative": 0.2727272727272727
    },
    "好好吃肉韓式烤肉吃到飽-台中公益店": {
        "possitive": 0.7058823529411765,
        "negative": 0.29411764705882354
    },
    "中華滷味": {
        "possitive": 0.5,
        "negative": 0.5
    },
    "嵐山熟成牛かつ專売-台中大里永隆店": {
        "possitive": 0.8235294117647058,
        "negative": 0.17647058823529413
    },
    "台中億品鍋忠孝店 Mini Shabu Shabu (官方) (忠孝夜市/平價火鍋)": {
        "possitive": 0.47619047619047616,
        "negative": 0.5238095238095238
    },
    "陳明統爌肉飯": {
        "possitive": 0.5,
        "negative": 0.5
    },
    "刁民-酸菜魚崇德店": {
        "possitive": 0.4444444444444444,
        "negative": 0.5555555555555556
    },
    "正忠排骨飯工學店": {
        "possitive": 0.75,
        "negative": 0.25
    },
    "北澤壽喜燒吃到飽-台中大里店": {
        "possitive": 0.6428571428571429,
        "negative": 0.35714285714285715
    },
    "那個鍋 - 大里店-大里必吃麻辣鍋": {
        "possitive": 0.47058823529411764,
        "negative": 0.5294117647058824
    },
    "青日本料理": {
        "possitive": 0.8,
        "negative": 0.2
    },
    "大碗公剉冰(台中忠孝店)": {
        "possitive": 0.5,
        "negative": 0.5
    },
    "咖哩魂蛋Kalihundan": {
        "possitive": 0.6428571428571429,
        "negative": 0.35714285714285715
    },
    "好佳火雞肉飯-大振店": {
        "possitive": 0.8,
        "negative": 0.2
    },
    "嘉義林火雞肉飯（正 無刺虱目魚肚）": {
        "possitive": 0.29411764705882354,
        "negative": 0.7058823529411765
    },
    "這一鍋 台中崇德殿": {
        "possitive": 0.5555555555555556,
        "negative": 0.4444444444444444
    },
    "金大鋤壽喜燒SUKIYAKI-復興店": {
        "possitive": 0.3888888888888889,
        "negative": 0.6111111111111112
    },
    "翡翠北方麵食館(台中總店)": {
        "possitive": 0.46153846153846156,
        "negative": 0.5384615384615384
    },
    "旅禾泡芙之家 總店": {
        "possitive": 0.6666666666666666,
        "negative": 0.3333333333333333
    },
    "德洲牛排": {
        "possitive": 0.25,
        "negative": 0.75
    },
    "NU PASTA 台中大里店": {
        "possitive": 0.2857142857142857,
        "negative": 0.7142857142857143
    },
    "牛丁次郎坊x大里店": {
        "possitive": 0.3333333333333333,
        "negative": 0.6666666666666666
    },
    "牛室炙燒牛排BEEFHOUSE 台中大墩店": {
        "possitive": 0.19047619047619047,
        "negative": 0.8095238095238095
    },
    "御燒烤肉便當店": {
        "possitive": 0.5714285714285714,
        "negative": 0.42857142857142855
    },
    "好燙鍋物 興大店": {
        "possitive": 0.625,
        "negative": 0.375
    },
    "阿寶晨食館 旱溪店": {
        "possitive": 0.4444444444444444,
        "negative": 0.5555555555555556
    },
    "迷霧早午餐（興大總店）": {
        "possitive": 0.5454545454545454,
        "negative": 0.45454545454545453
    },
    "富米胖吐司丼飯店": {
        "possitive": 0.375,
        "negative": 0.625
    },
    "渣女·深夜和牛燒肉燥飯": {
        "possitive": 0.36363636363636365,
        "negative": 0.6363636363636364
    },
    "木木三茶飲專販店": {
        "possitive": 0.5,
        "negative": 0.5
    },
    "小榭拉麵": {
        "possitive": 0.25,
        "negative": 0.75
    },
    "愛烤愛對囉 - 台中店": {
        "possitive": 0.8181818181818182,
        "negative": 0.18181818181818182
    },
    "建成路賴15炒麵": {
        "possitive": 0.5,
        "negative": 0.5
    },
    "夏家麵館": {
        "possitive": 0.5,
        "negative": 0.5
    },
    "夜間部爌肉飯": {
        "possitive": 0.16666666666666666,
        "negative": 0.8333333333333334
    },
    "清一色牛肉麵 興大店": {
        "possitive": 0.4,
        "negative": 0.6
    },
    "Morni 莫尼早餐 興大店": {
        "possitive": 0.5,
        "negative": 0.5
    },
    "Oh ! Yaki 精緻燒肉吃到飽-台中中美店": {
        "possitive": 0.5652173913043478,
        "negative": 0.43478260869565216
    },
    "大漠蒙古麻辣燙大里店": {
        "possitive": 0.7,
        "negative": 0.3
    },
    "Mister Donut 大里大買家店": {
        "possitive": 0.631578947368421,
        "negative": 0.3684210526315789
    },
    "小蒙牛頂級麻辣養生鍋-台中中港店": {
        "possitive": 0.625,
        "negative": 0.375
    },
    "海底撈火鍋台中廣三SOGO店": {
        "possitive": 0.35714285714285715,
        "negative": 0.6428571428571429
    },
    "狸匠拉麵": {
        "possitive": 0.5,
        "negative": 0.5
    },
    "麵麵pasta": {
        "possitive": 0.5714285714285714,
        "negative": 0.42857142857142855
    },
    "石二鍋 台中美村南店": {
        "possitive": 0.5,
        "negative": 0.5
    },
    "金色三麥 台中市政店": {
        "possitive": 0.6,
        "negative": 0.4
    },
    "日昇牛排": {
        "possitive": 0.5,
        "negative": 0.5
    },
    "愛將平價牛排－美村店": {
        "possitive": 0.5,
        "negative": 0.5
    },
    "攬人": {
        "possitive": 1.0,
        "negative": 0.0
    },
    "焼肉スマイル（燒肉Smile） 台中高工店": {
        "possitive": 0.5238095238095238,
        "negative": 0.47619047619047616
    },
    "夯霸燒肉飯(忠孝店)": {
        "possitive": 0.6,
        "negative": 0.4
    },
    "自慢食堂": {
        "possitive": 0.75,
        "negative": 0.25
    }
}